INSERT INTO `person` (`id`, `email`, `name`, `password`, `phone`, `role`, `username`) VALUES
(1, "Haywood_Cheeks@gmail.com", "Haywood Cheeks","Haywood134", "04187876", "USER", "HaywoodCheeks978"),
(2, "Bennett_Ange@gmail.com", "Bennett Ange","Bennett744", "04283016", "USER", "BennettAnge853"),
(3, "Rhett_Drapeau@photon.com", "Rhett Drapeau","Rhett610", "04609627", "USER", "RhettDrapeau742"),
(4, "Rudolph_Deputy@photon.com", "Rudolph Deputy","Rudolph439", "04129818", "USER", "RudolphDeputy601"),
(5, "Lane_Kwon@photon.com", "Lane Kwon","Lane924", "04524016", "USER", "LaneKwon541"),
(6, "Jarod_Welter@uow.edu.au", "Jarod Welter","Jarod889", "04745646", "USER", "JarodWelter383"),
(7, "Cyrus_Chupp@gmail.com", "Cyrus Chupp","Cyrus462", "04507986", "USER", "CyrusChupp640"),
(8, "Lane_Renshaw@photon.com", "Lane Renshaw","Lane253", "04176254", "USER", "LaneRenshaw586"),
(9, "Tony_Torres@gmail.com", "Tony Torres","Tony636", "04114806", "USER", "TonyTorres797"),
(10, "Jarvis_Horstman@outlook.com", "Jarvis Horstman","Jarvis996", "04515836", "USER", "JarvisHorstman469"),
(11, "Fabian_Ange@gmail.com", "Fabian Ange","Fabian333", "04504329", "USER", "FabianAnge379"),
(12, "Ashley_Lower@hotmail.com", "Ashley Lower","Ashley681", "04584442", "USER", "AshleyLower380"),
(13, "Blake_Eriksen@hotmail.com", "Blake Eriksen","Blake416", "04334559", "USER", "BlakeEriksen356"),
(14, "Sandy_Bitterman@uow.edu.au", "Sandy Bitterman","Sandy416", "04450401", "USER", "SandyBitterman851"),
(15, "Fernando_Kimmer@hotmail.com", "Fernando Kimmer","Fernando888", "04597640", "USER", "FernandoKimmer922"),
(16, "Faustino_Jessup@hotmail.com", "Faustino Jessup","Faustino921", "04402422", "USER", "FaustinoJessup989"),
(17, "Jessie_Denniston@uow.edu.au", "Jessie Denniston","Jessie506", "04617506", "USER", "JessieDenniston508"),
(18, "Cyrus_Deputy@uow.edu.au", "Cyrus Deputy","Cyrus689", "04768130", "USER", "CyrusDeputy358"),
(19, "Rhett_Hunsberger@photon.com", "Rhett Hunsberger","Rhett411", "04152021", "USER", "RhettHunsberger547"),
(20, "Quinn_Vancil@photon.com", "Quinn Vancil","Quinn882", "04268897", "USER", "QuinnVancil259");

INSERT INTO `customer` (`id`, `address`, `balance`, `creditline`, `fk_person_id`) VALUES
(1, "254 Stander Drv", 1055, "Westpac #934", 1),
(2, "199 Horstman Street", 435, "Westpac #291", 2),
(3, "70 Capp Avenue", 665, "Westpac #946", 3),
(4, "52 Kimmer Lane", 500, "Westpac #360", 4),
(5, "100 Steenberg St", 1025, "Westpac #240", 5),
(6, "130 Denniston Street", 855, "Westpac #462", 6),
(7, "23 Heikkinen Ln", 965, "Westpac #715", 7),
(8, "110 Stander Drv", 860, "Westpac #524", 8),
(9, "117 Scheff Lane", 290, "Westpac #710", 9),
(10, "196 Vancil Lane", 1390, "Westpac #396", 10),
(11, "24 Torres Avenue", 420, "Westpac #415", 11),
(12, "58 Heikkinen Drive", 925, "Westpac #761", 12),
(13, "37 Chupp Ln", 1270, "Westpac #744", 13),
(14, "218 Camberos Lane", 1090, "Westpac #303", 14),
(15, "229 Stander Ave", 960, "Westpac #664", 15);

INSERT INTO `club_member` (`id`, `join_date`, `fk_customer_id`) VALUES
(1, "2014-01-14","1"),
(2, "2011-04-25","2"),
(3, "2010-10-02","3"),
(4, "2015-03-01","4"),
(5, "2016-02-07","5");

INSERT INTO `supplier` (`id`, `address`, `company_name`, `creditline`) VALUES
(1, "203 Kimmer Ave","Alpine gate","Swiss Bank #869"),
(2, "163 Cheeks Ave","Beta tube","Swiss Bank #769"),
(3, "192 Renshaw Street","Equinetworks","Swiss Bank #283"),
(4, "194 Schranz St","Red wares","Swiss Bank #787"),
(5, "27 Eriksen Ave","Gorilla bar","Swiss Bank #652");

INSERT INTO `contact_person` (`id`, `fk_person_id`, `fk_supplier_id`) VALUES
(1, 16,1),
(2, 17,2),
(3, 18,3),
(4, 19,4),
(5, 20,5);

INSERT INTO `subject_area` (`id`, `name`) VALUES
(1, "car"),
(2, "boat"),
(3, "plane"),
(4, "helicopter");

INSERT INTO `model_type` (`id`, `name`) VALUES
(1, "Display"),
(2, "Static"),
(3, "Working");

INSERT INTO `customer_subject_interest` (`id`, `fk_customer_id`, `fk_subject_area_id`) VALUES
(1, 1, 2),
(2, 1, 1),
(3, 2, 2),
(4, 6, 2),
(5, 6, 3),
(6, 7, 4),
(7, 7, 2),
(8, 8, 4),
(9, 8, 2),
(10, 9, 3),
(11, 10, 3),
(12, 12, 3),
(13, 12, 2),
(14, 13, 2);

INSERT INTO `customer_model_interest` (`id`, `fk_customer_id`, `fk_model_type_id`) VALUES
(1, 1, 2),
(2, 2, 1),
(3, 3, 3),
(4, 4, 1),
(5, 6, 3),
(6, 7, 1),
(7, 8, 3),
(8, 9, 2),
(9, 10, 2),
(10, 11, 3),
(11, 12, 3),
(12, 14, 1);

INSERT INTO `store` (`id`, `address`, `name`) VALUES
(1, "223 Steenberg Ave", "Karam's Store"),
(2, "186 Karam Lane", "Jessup's Store"),
(3, "156 Raia Drive", "Deputy's Store"),
(4, "111 Canton Ln", "Darden's Store");

INSERT INTO `item` (`id`, `description`, `name`, `retail_price`, `stock`, `availability`, `fk_model_type_id`, `fk_subject_area_id`, `fk_store_id`) VALUES
(1, "A BlueViolet Display model of a car made using Aluminum.", "Display BlueViolet car", 110, 112, "INSTOCK", 1, 1, 4),
(2, "A Aqua Static model of a car made using Glass.", "Static Aqua car", 125, 101, "INSTOCK", 2, 1, 4),
(3, "A Black Display model of a car made using Aluminum.", "Display Black car", 105, 56, "INSTOCK", 1, 1, 4),
(4, "A FloralWhite Working model of a helicopter made using Steel.", "Working FloralWhite helicopter", 90, 109, "INSTOCK", 3, 4, 2),
(5, "A DarkBlue Display model of a helicopter made using Cardboard.", "Display DarkBlue helicopter", 115, 9, "INSTOCK", 1, 4, 4),
(6, "A Coral Working model of a helicopter made using Wood.", "Working Coral helicopter", 130, 10, "INSTOCK", 3, 4, 1),
(7, "A Coral Static model of a boat made using Platinum.", "Static Coral boat", 100, 5, "INSTOCK", 2, 2, 2),
(8, "A Beige Working model of a plane made using Platinum.", "Working Beige plane", 150, 66, "INSTOCK", 3, 3, 3),
(9, "A Gold Static model of a car made using Platinum.", "Static Gold car", 55, 79, "INSTOCK", 2, 1, 1),
(10, "A Azure Display model of a plane made using Wood.", "Display Azure plane", 120, 9, "INSTOCK", 1, 3, 2),
(11, "A Beige Static model of a car made using Aluminum.", "Static Beige car", 80, 50, "INSTOCK", 2, 1, 3),
(12, "A Cyan Display model of a car made using Gold.", "Display Cyan car", 115, 36, "INSTOCK", 1, 1, 3),
(13, "A Green Working model of a plane made using Cardboard.", "Working Green plane", 120, 110, "INSTOCK", 3, 3, 1),
(14, "A Blue Display model of a helicopter made using Platinum.", "Display Blue helicopter", 145, 17, "INSTOCK", 1, 4, 3),
(15, "A Azure Display model of a helicopter made using Glass.", "Display Azure helicopter", 65, 93, "INSTOCK", 1, 4, 1),
(16, "A Azure Static model of a car made using Gold.", "Static Azure car", 135, 50, "INSTOCK", 2, 1, 4),
(17, "A ForestGreen Display model of a boat made using Steel.", "Display ForestGreen boat", 80, 6, "INSTOCK", 1, 2, 1),
(18, "A CadetBlue Display model of a plane made using Cardboard.", "Display CadetBlue plane", 60, 91, "INSTOCK", 1, 3, 3),
(19, "A Aqua Working model of a helicopter made using Aluminum.", "Working Aqua helicopter", 60, 27, "INSTOCK", 3, 4, 2),
(20, "A Cyan Working model of a helicopter made using Cardboard.", "Working Cyan helicopter", 135, 18, "INSTOCK", 3, 4, 1),
(21, "A Chocolate Working model of a helicopter made using Cardboard.", "Working Chocolate helicopter", 60, 34, "INSTOCK", 3, 4, 2),
(22, "A DarkGrey Working model of a car made using Glass.", "Working DarkGrey car", 80, 21, "INSTOCK", 3, 1, 4),
(23, "A Brown Working model of a helicopter made using Wood.", "Working Brown helicopter", 120, 109, "INSTOCK", 3, 4, 4),
(24, "A Indigo Display model of a boat made using Glass.", "Display Indigo boat", 100, 0, "INSTOCK", 1, 2, 3),
(25, "A Fuchsia Display model of a boat made using Platinum.", "Display Fuchsia boat", 105, 53, "INSTOCK", 1, 2, 3),
(26, "A Azure Display model of a plane made using Steel.", "Display Azure plane", 75, 26, "INSTOCK", 1, 3, 4),
(27, "A CadetBlue Display model of a car made using Platinum.", "Display CadetBlue car", 95, 26, "INSTOCK", 1, 1, 3),
(28, "A DarkGrey Display model of a helicopter made using Steel.", "Display DarkGrey helicopter", 135, 78, "INSTOCK", 1, 4, 2),
(29, "A DarkCyan Static model of a car made using Cardboard.", "Static DarkCyan car", 120, 64, "INSTOCK", 2, 1, 3),
(30, "A Blue Display model of a helicopter made using Wood.", "Display Blue helicopter", 130, 49, "INSTOCK", 1, 4, 2);

INSERT INTO `catalogue` (`id`, `date_publish`, `fk_supplier_id`) VALUES
(1, "2010-02-04", 1),
(2, "2011-10-14", 1),
(3, "2019-04-17", 2),
(4, "2015-08-19", 3),
(5, "2018-07-17", 4),
(6, "2010-11-05", 4),
(7, "2017-03-24", 5),
(8, "2010-06-21", 5);

INSERT INTO `supplier_item` (`id`, `supplier_price`, `fk_catalogue_id`, `fk_item`) VALUES
(1, 55.0, 5, 1),
(2, 67.5, 2, 2),
(3, 57.5, 4, 3),
(4, 57.5, 4, 3),
(5, 65.0, 6, 4),
(6, 45.0, 5, 4),
(7, 62.5, 5, 5),
(8, 77.5, 2, 5),
(9, 80.0, 6, 6),
(10, 65.0, 5, 6),
(11, 70.0, 3, 6),
(12, 70.0, 3, 7),
(13, 60.0, 5, 7),
(14, 50.0, 4, 7),
(15, 90.0, 5, 8),
(16, 47.5, 2, 9),
(17, 60.0, 4, 10),
(18, 80.0, 6, 10),
(19, 70.0, 3, 10),
(20, 50.0, 4, 11),
(21, 45.0, 2, 11),
(22, 60.0, 4, 11),
(23, 77.5, 5, 12),
(24, 67.5, 3, 12),
(25, 80.0, 4, 13),
(26, 85.0, 1, 13),
(27, 70.0, 3, 13),
(28, 82.5, 4, 14),
(29, 37.5, 1, 15),
(30, 72.5, 3, 16),
(31, 55.0, 1, 17),
(32, 55.0, 2, 17),
(33, 60.0, 5, 17),
(34, 35.0, 1, 18),
(35, 30.0, 6, 19),
(36, 92.5, 3, 20),
(37, 72.5, 6, 20),
(38, 40.0, 2, 21),
(39, 30.0, 6, 21),
(40, 65.0, 3, 22),
(41, 60.0, 2, 22),
(42, 75.0, 6, 23),
(43, 70.0, 2, 23),
(44, 70.0, 2, 24),
(45, 57.5, 4, 25),
(46, 52.5, 5, 26),
(47, 57.5, 3, 26),
(48, 62.5, 5, 26),
(49, 47.5, 4, 27),
(50, 77.5, 2, 28),
(51, 65.0, 5, 29),
(52, 80.0, 2, 29),
(53, 70.0, 4, 30),
(54, 85.0, 4, 30),
(55, 65.0, 1, 30);

INSERT INTO `sale` (`id`, `sale_date`, `status`, `total`, `fk_customer_id`, `discount`) VALUES
(1, "2015-05-08", "processing", 830, 1, 0),
(2, "2017-09-11", "processing", 800, 2, 0),
(3, "2014-01-14", "processing", 740, 2, 0),
(4, "2013-10-03", "processing", 645, 2, 0),
(5, "2018-04-05", "processing", 540, 3, 0),
(6, "2013-05-19", "processing", 320, 3, 0),
(7, "2018-12-01", "processing", 370, 3, 0),
(8, "2014-08-07", "processing", 265, 3, 0),
(9, "2014-07-04", "processing", 705, 3, 0),
(10, "2017-08-08", "processing", 310, 4, 0),
(11, "2015-03-01", "processing", 920, 5, 0),
(12, "2018-08-20", "processing", 295, 5, 0),
(13, "2013-12-10", "processing", 530, 5, 0),
(14, "2014-02-17", "processing", 650, 5, 0),
(15, "2012-02-28", "processing", 305, 6, 0),
(16, "2015-08-19", "processing", 210, 7, 0),
(17, "2018-07-17", "processing", 770, 7, 0),
(18, "2016-11-07", "processing", 240, 7, 0),
(19, "2012-02-28", "processing", 170, 8, 0),
(20, "2014-04-26", "processing", 625, 8, 0),
(21, "2018-05-09", "processing", 595, 9, 0),
(22, "2015-05-08", "processing", 435, 11, 0),
(23, "2010-07-25", "processing", 595, 11, 0),
(24, "2012-04-02", "processing", 115, 11, 0),
(25, "2011-03-22", "processing", 135, 11, 0),
(26, "2014-07-04", "processing", 220, 12, 0),
(27, "2015-01-26", "processing", 745, 12, 0),
(28, "2016-03-12", "processing", 245, 12, 0),
(29, "2011-02-16", "processing", 175, 12, 0),
(30, "2018-07-17", "processing", 630, 13, 0),
(31, "2012-02-28", "processing", 800, 13, 0),
(32, "2016-01-03", "processing", 440, 13, 0),
(33, "2017-11-19", "processing", 480, 13, 0),
(34, "2016-02-07", "processing", 195, 13, 0),
(35, "2011-07-03", "processing", 340, 14, 0),
(36, "2018-05-09", "processing", 550, 14, 0),
(37, "2015-10-27", "processing", 200, 15, 0),
(38, "2018-09-24", "processing", 415, 15, 0),
(39, "2016-11-07", "processing", 230, 15, 0),
(40, "2016-07-27", "processing", 760, 15, 0);

INSERT INTO `sale_line_item` (`id`, `quantity`, `sale_price`, `fk_item_id`, `fk_sale_id`) VALUES
(1, 3, 60, 19, 1),
(2, 2, 135, 16, 1),
(3, 3, 65, 15, 1),
(4, 2, 120, 23, 1),
(5, 1, 120, 29, 1),
(6, 1, 135, 20, 1),
(7, 2, 135, 20, 1),
(8, 3, 60, 21, 1),
(9, 3, 55, 9, 2),
(10, 2, 110, 1, 2),
(11, 2, 120, 23, 2),
(12, 3, 60, 18, 2),
(13, 1, 80, 17, 2),
(14, 1, 120, 13, 2),
(15, 3, 135, 20, 2),
(16, 3, 120, 10, 2),
(17, 3, 100, 24, 3),
(18, 1, 120, 23, 3),
(19, 3, 100, 7, 3),
(20, 3, 120, 13, 3),
(21, 3, 80, 17, 3),
(22, 2, 130, 6, 3),
(23, 3, 90, 4, 3),
(24, 2, 120, 29, 4),
(25, 3, 120, 23, 4),
(26, 3, 105, 3, 4),
(27, 2, 80, 11, 4),
(28, 3, 120, 29, 4),
(29, 1, 100, 7, 4),
(30, 2, 150, 8, 5),
(31, 2, 135, 28, 5),
(32, 3, 120, 13, 5),
(33, 1, 135, 20, 5),
(34, 3, 130, 6, 6),
(35, 2, 130, 30, 6),
(36, 3, 60, 18, 6),
(37, 3, 125, 2, 7),
(38, 3, 135, 20, 7),
(39, 1, 110, 1, 7),
(40, 2, 120, 29, 8),
(41, 3, 145, 14, 8),
(42, 2, 120, 23, 9),
(43, 1, 80, 22, 9),
(44, 2, 60, 18, 9),
(45, 2, 125, 2, 9),
(46, 2, 135, 28, 9),
(47, 3, 120, 29, 9),
(48, 1, 65, 15, 9),
(49, 1, 115, 12, 10),
(50, 1, 60, 19, 10),
(51, 3, 135, 16, 10),
(52, 2, 120, 13, 11),
(53, 1, 130, 30, 11),
(54, 2, 135, 16, 11),
(55, 2, 110, 1, 11),
(56, 3, 80, 22, 11),
(57, 1, 60, 21, 11),
(58, 3, 150, 8, 11),
(59, 1, 135, 28, 11),
(60, 1, 120, 29, 12),
(61, 1, 80, 11, 12),
(62, 3, 95, 27, 12),
(63, 1, 120, 23, 13),
(64, 1, 135, 28, 13),
(65, 2, 80, 17, 13),
(66, 3, 80, 17, 13),
(67, 3, 115, 5, 13),
(68, 1, 135, 20, 14),
(69, 1, 135, 20, 14),
(70, 1, 80, 22, 14),
(71, 1, 110, 1, 14),
(72, 1, 135, 20, 14),
(73, 1, 55, 9, 14),
(74, 3, 90, 4, 15),
(75, 1, 95, 27, 15),
(76, 2, 60, 18, 15),
(77, 3, 60, 21, 15),
(78, 1, 65, 15, 16),
(79, 2, 145, 14, 16),
(80, 3, 60, 18, 17),
(81, 3, 120, 29, 17),
(82, 3, 80, 11, 17),
(83, 3, 115, 5, 17),
(84, 2, 60, 18, 17),
(85, 3, 105, 3, 17),
(86, 1, 130, 30, 17),
(87, 2, 100, 24, 17),
(88, 3, 95, 27, 18),
(89, 1, 145, 14, 18),
(90, 1, 90, 4, 19),
(91, 2, 80, 17, 19),
(92, 3, 90, 4, 20),
(93, 1, 105, 25, 20),
(94, 3, 120, 10, 20),
(95, 2, 135, 28, 20),
(96, 3, 95, 27, 20),
(97, 2, 80, 22, 20),
(98, 2, 120, 23, 21),
(99, 3, 130, 6, 21),
(100, 1, 110, 1, 21),
(101, 2, 80, 11, 21),
(102, 3, 60, 19, 21),
(103, 1, 95, 27, 21),
(104, 3, 55, 9, 22),
(105, 1, 65, 15, 22),
(106, 3, 80, 17, 22),
(107, 2, 120, 29, 22),
(108, 2, 115, 5, 22),
(109, 2, 105, 3, 23),
(110, 2, 65, 15, 23),
(111, 3, 80, 17, 23),
(112, 1, 120, 29, 23),
(113, 1, 130, 6, 23),
(114, 3, 95, 27, 23),
(115, 2, 115, 12, 24),
(116, 1, 135, 20, 25),
(117, 3, 120, 13, 26),
(118, 3, 100, 7, 26),
(119, 2, 145, 14, 27),
(120, 1, 100, 7, 27),
(121, 3, 60, 19, 27),
(122, 1, 60, 21, 27),
(123, 1, 115, 5, 27),
(124, 2, 100, 7, 27),
(125, 2, 105, 3, 27),
(126, 2, 60, 18, 27),
(127, 1, 130, 6, 28),
(128, 3, 115, 5, 28),
(129, 2, 120, 29, 29),
(130, 2, 55, 9, 29),
(131, 3, 125, 2, 30),
(132, 2, 80, 17, 30),
(133, 3, 65, 15, 30),
(134, 2, 100, 24, 30),
(135, 2, 120, 29, 30),
(136, 1, 60, 19, 30),
(137, 2, 80, 17, 30),
(138, 1, 130, 30, 31),
(139, 3, 120, 10, 31),
(140, 2, 55, 9, 31),
(141, 3, 120, 23, 31),
(142, 3, 130, 30, 31),
(143, 1, 100, 24, 31),
(144, 1, 145, 14, 31),
(145, 3, 60, 19, 32),
(146, 2, 135, 16, 32),
(147, 1, 125, 2, 32),
(148, 2, 120, 13, 32),
(149, 1, 100, 24, 33),
(150, 3, 130, 30, 33),
(151, 3, 80, 11, 33),
(152, 2, 105, 3, 33),
(153, 2, 65, 15, 33),
(154, 1, 120, 10, 34),
(155, 2, 75, 26, 34),
(156, 3, 80, 17, 35),
(157, 1, 60, 19, 35),
(158, 3, 80, 17, 35),
(159, 1, 120, 10, 35),
(160, 1, 80, 22, 36),
(161, 3, 80, 17, 36),
(162, 3, 130, 30, 36),
(163, 3, 100, 7, 36),
(164, 3, 80, 17, 36),
(165, 1, 80, 22, 36),
(166, 2, 80, 17, 37),
(167, 3, 120, 29, 37),
(168, 3, 105, 3, 38),
(169, 1, 95, 27, 38),
(170, 3, 90, 4, 38),
(171, 3, 125, 2, 38),
(172, 2, 115, 5, 39),
(173, 1, 115, 5, 39),
(174, 2, 130, 30, 40),
(175, 3, 105, 3, 40),
(176, 1, 60, 21, 40),
(177, 2, 135, 16, 40),
(178, 1, 115, 5, 40),
(179, 1, 150, 8, 40),
(180, 2, 65, 15, 40);

INSERT INTO `person` (`id`, `email`, `name`, `password`, `phone`, `role`, `username`) VALUES (NULL, 'ifran@uow.edu', 'ifran ali', 'pp', '123', 'ADMIN', 'ifran');
INSERT INTO `person` (`id`, `email`, `name`, `password`, `phone`, `role`, `username`) VALUES (NULL, 'patterns@design.com', 'mark patterns', 'pp', '12341234', 'EMPLOYEE', 'markus');
