INSERT INTO `person` (`id`, `email`, `name`, `password`, `phone`, `role`, `username`, `address`) VALUES
(1, "Desmond_Drapeau@uow.edu.au", "Desmond Drapeau","Desmond964", "04266223", "USER", "DesmondDrapeau282", "12 Mapp Drive"),
(2, "Truman_Viger@outlook.com", "Truman Viger","Truman559", "04418446", "USER", "TrumanViger197", "245 Raia Street"),
(3, "Guy_Toner@outlook.com", "Guy Toner","Guy847", "04628583", "USER", "GuyToner503", "205 Horstman Drive"),
(4, "Irvin_Darden@hotmail.com", "Irvin Darden","Irvin567", "04575064", "USER", "IrvinDarden110", "284 Hunsberger Ln"),
(5, "Emil_Deputy@photon.com", "Emil Deputy","Emil788", "04516531", "USER", "EmilDeputy782", "159 Heikkinen St"),
(6, "Jessie_Toner@gmail.com", "Jessie Toner","Jessie372", "04561848", "USER", "JessieToner916", "111 Oberlander St"),
(7, "Rudolph_Cornish@uow.edu.au", "Rudolph Cornish","Rudolph853", "04708683", "USER", "RudolphCornish343", "181 Toner Street"),
(8, "Lane_Darden@outlook.com", "Lane Darden","Lane357", "04832191", "USER", "LaneDarden843", "69 Schranz Drv"),
(9, "Kendall_Karam@outlook.com", "Kendall Karam","Kendall409", "04363975", "USER", "KendallKaram562", "154 Jessup St"),
(10, "Truman_Harriger@hotmail.com", "Truman Harriger","Truman354", "04619478", "USER", "TrumanHarriger138", "111 Bitterman Avenue"),
(11, "Fernando_Heikkinen@uow.edu.au", "Fernando Heikkinen","Fernando578", "04588746", "USER", "FernandoHeikkinen670", "179 Deputy St"),
(12, "Mitch_Torres@uow.edu.au", "Mitch Torres","Mitch248", "04483743", "USER", "MitchTorres335", "45 Scheff Drv"),
(13, "Buck_Applewhite@outlook.com", "Buck Applewhite","Buck703", "04550386", "USER", "BuckApplewhite139", "65 Camberos Drv"),
(14, "Buck_Vancil@hotmail.com", "Buck Vancil","Buck375", "04202952", "USER", "BuckVancil384", "78 Camberos Avenue"),
(15, "Kendall_Camberos@photon.com", "Kendall Camberos","Kendall612", "04245405", "USER", "KendallCamberos573", "4 Shirley Drive"),
(16, "Julio_Eriksen@hotmail.com", "Julio Eriksen","Julio741", "04137940", "USER", "JulioEriksen174", "102 Mcmullen Ave"),
(17, "Lucio_Scheff@hotmail.com", "Lucio Scheff","Lucio984", "04312562", "USER", "LucioScheff758", "197 Gribble St"),
(18, "Steven_Lower@hotmail.com", "Steven Lower","Steven335", "04877413", "USER", "StevenLower276", "65 Karam Ave"),
(19, "Hipolito_Whalley@uow.edu.au", "Hipolito Whalley","Hipolito734", "04407119", "USER", "HipolitoWhalley376", "248 Kimmer St"),
(20, "Lamont_Drapeau@photon.com", "Lamont Drapeau","Lamont694", "04560957", "USER", "LamontDrapeau358", "187 Hoefer Lane");

INSERT INTO `customer` (`id`, `balance`, `creditline`, `fk_person_id`) VALUES
(1, 330, "Westpac #364", 1),
(2, 295, "Westpac #696", 2),
(3, 170, "Westpac #287", 3),
(4, 650, "Westpac #294", 4),
(5, 1485, "Westpac #214", 5),
(6, 660, "Westpac #948", 6),
(7, 1395, "Westpac #730", 7),
(8, 1165, "Westpac #624", 8),
(9, 290, "Westpac #472", 9),
(10, 980, "Westpac #794", 10),
(11, 325, "Westpac #488", 11),
(12, 1325, "Westpac #973", 12),
(13, 285, "Westpac #746", 13),
(14, 360, "Westpac #862", 14),
(15, 950, "Westpac #878", 15);

INSERT INTO `club_member` (`id`, `join_date`, `fk_customer_id`) VALUES
(1, "2013-03-13","1"),
(2, "2010-03-10","2"),
(3, "2014-02-19","3"),
(4, "2013-05-20","4"),
(5, "2019-01-09","5");

INSERT INTO `supplier` (`id`, `address`, `company_name`, `creditline`) VALUES
(1, "223 Shirley Street","Phantomn dew","Swiss Bank #379"),
(2, "33 Viger Ln","Brisco","Swiss Bank #508"),
(3, "261 Canton St","Maze Entertainment","Swiss Bank #323"),
(4, "217 Cheeks Avenue","Lemon Technologies","Swiss Bank #388"),
(5, "128 Behne Drv","Loki Solutions","Swiss Bank #629");

INSERT INTO `contact_person` (`id`, `fk_person_id`, `fk_supplier_id`) VALUES
(1, 16,1),
(2, 17,2),
(3, 18,3),
(4, 19,4),
(5, 20,5);

INSERT INTO `subject_area` (`id`, `name`) VALUES
(1, "car"),
(2, "boat"),
(3, "plane"),
(4, "helicopter");

INSERT INTO `model_type` (`id`, `name`) VALUES
(1, "Display"),
(2, "Static"),
(3, "Working");

INSERT INTO `customer_subject_interest` (`id`, `fk_customer_id`, `fk_subject_area_id`) VALUES
(1, 2, 3),
(2, 3, 1),
(3, 4, 3),
(4, 4, 4),
(5, 5, 4),
(6, 7, 3),
(7, 8, 1),
(8, 8, 3),
(9, 9, 4),
(10, 9, 2),
(11, 13, 2),
(12, 14, 2),
(13, 15, 4);

INSERT INTO `customer_model_interest` (`id`, `fk_customer_id`, `fk_model_type_id`) VALUES
(1, 1, 2),
(2, 2, 1),
(3, 3, 3),
(4, 4, 2),
(5, 11, 3),
(6, 12, 2),
(7, 14, 3),
(8, 15, 2);

INSERT INTO `store` (`id`, `address`, `name`) VALUES
(1, "14 Agarwal Ave", "Drapeau's Store"),
(2, "27 Canton Avenue", "Gribble's Store"),
(3, "235 Yant Avenue", "Heikkinen's Store"),
(4, "93 Scheff Drive", "Gribble's Store");

INSERT INTO `item` (`id`, `description`, `name`, `retail_price`, `stock`, `availability`, `fk_model_type_id`, `fk_subject_area_id`, `fk_store_id`) VALUES
(1, "A Green Static model of a car made using Platinum.", "Static Green car", 140, 40, "INSTOCK", 2, 1, 1),
(2, "A Fuchsia Working model of a helicopter made using Glass.", "Working Fuchsia helicopter", 120, 82, "INSTOCK", 3, 4, 4),
(3, "A CadetBlue Working model of a car made using Cardboard.", "Working CadetBlue car", 65, 74, "INSTOCK", 3, 1, 2),
(4, "A Fuchsia Display model of a boat made using Gold.", "Display Fuchsia boat", 105, 118, "INSTOCK", 1, 2, 1),
(5, "A Indigo Static model of a car made using Glass.", "Static Indigo car", 105, 49, "INSTOCK", 2, 1, 2),
(6, "A Lavender Display model of a car made using Aluminum.", "Display Lavender car", 80, 71, "INSTOCK", 1, 1, 2),
(7, "A Beige Working model of a helicopter made using Steel.", "Working Beige helicopter", 105, 11, "INSTOCK", 3, 4, 1),
(8, "A Black Static model of a car made using Cardboard.", "Static Black car", 85, 12, "INSTOCK", 2, 1, 4),
(9, "A CadetBlue Display model of a plane made using Glass.", "Display CadetBlue plane", 125, 79, "INSTOCK", 1, 3, 2),
(10, "A Green Working model of a plane made using Steel.", "Working Green plane", 60, 29, "INSTOCK", 3, 3, 1),
(11, "A Fuchsia Working model of a helicopter made using Wood.", "Working Fuchsia helicopter", 60, 112, "INSTOCK", 3, 4, 3),
(12, "A DarkGrey Display model of a helicopter made using Glass.", "Display DarkGrey helicopter", 95, 59, "INSTOCK", 1, 4, 3),
(13, "A Brown Display model of a helicopter made using Platinum.", "Display Brown helicopter", 145, 81, "INSTOCK", 1, 4, 3),
(14, "A Cyan Static model of a plane made using Platinum.", "Static Cyan plane", 110, 52, "INSTOCK", 2, 3, 3),
(15, "A Green Display model of a plane made using Steel.", "Display Green plane", 85, 111, "INSTOCK", 1, 3, 2),
(16, "A DarkBlue Display model of a car made using Platinum.", "Display DarkBlue car", 90, 98, "INSTOCK", 1, 1, 2),
(17, "A FloralWhite Working model of a plane made using Wood.", "Working FloralWhite plane", 145, 5, "INSTOCK", 3, 3, 1),
(18, "A DarkCyan Working model of a helicopter made using Platinum.", "Working DarkCyan helicopter", 90, 39, "INSTOCK", 3, 4, 1),
(19, "A Green Display model of a helicopter made using Glass.", "Display Green helicopter", 130, 109, "INSTOCK", 1, 4, 1),
(20, "A DarkCyan Static model of a boat made using Glass.", "Static DarkCyan boat", 140, 89, "INSTOCK", 2, 2, 4),
(21, "A Indigo Display model of a plane made using Glass.", "Display Indigo plane", 70, 72, "INSTOCK", 1, 3, 2),
(22, "A Aqua Static model of a plane made using Steel.", "Static Aqua plane", 80, 61, "INSTOCK", 2, 3, 1),
(23, "A Azure Display model of a plane made using Gold.", "Display Azure plane", 70, 72, "INSTOCK", 1, 3, 3),
(24, "A Indigo Working model of a helicopter made using Gold.", "Working Indigo helicopter", 70, 53, "INSTOCK", 3, 4, 4),
(25, "A DarkGrey Working model of a car made using Aluminum.", "Working DarkGrey car", 125, 108, "INSTOCK", 3, 1, 4),
(26, "A DarkBlue Static model of a helicopter made using Gold.", "Static DarkBlue helicopter", 70, 6, "INSTOCK", 2, 4, 3),
(27, "A Azure Working model of a car made using Wood.", "Working Azure car", 75, 110, "INSTOCK", 3, 1, 1),
(28, "A CadetBlue Static model of a plane made using Platinum.", "Static CadetBlue plane", 100, 33, "INSTOCK", 2, 3, 4),
(29, "A Green Static model of a plane made using Glass.", "Static Green plane", 65, 31, "INSTOCK", 2, 3, 4),
(30, "A BlueViolet Display model of a plane made using Platinum.", "Display BlueViolet plane", 50, 106, "INSTOCK", 1, 3, 2);

INSERT INTO `catalogue` (`id`, `date_publish`, `fk_supplier_id`) VALUES
(1, "2014-11-21", 1),
(2, "2010-02-04", 2),
(3, "2018-01-31", 3),
(4, "2013-11-08", 3),
(5, "2016-04-19", 4),
(6, "2018-01-31", 5);

INSERT INTO `supplier_item` (`id`, `supplier_price`, `fk_catalogue_id`, `fk_item`) VALUES
(1, 70.0, 1, 1),
(2, 85.0, 1, 1),
(3, 95.0, 5, 1),
(4, 80.0, 5, 2),
(5, 57.5, 3, 3),
(6, 32.5, 3, 3),
(7, 37.5, 4, 3),
(8, 52.5, 3, 4),
(9, 72.5, 6, 4),
(10, 67.5, 5, 4),
(11, 77.5, 2, 5),
(12, 72.5, 2, 5),
(13, 72.5, 1, 5),
(14, 60.0, 3, 6),
(15, 45.0, 2, 6),
(16, 57.5, 3, 7),
(17, 57.5, 3, 7),
(18, 57.5, 2, 7),
(19, 62.5, 1, 8),
(20, 67.5, 5, 8),
(21, 82.5, 5, 9),
(22, 62.5, 2, 9),
(23, 55.0, 3, 10),
(24, 35.0, 3, 10),
(25, 35.0, 3, 11),
(26, 30.0, 5, 11),
(27, 52.5, 2, 12),
(28, 67.5, 1, 12),
(29, 47.5, 1, 12),
(30, 72.5, 3, 13),
(31, 92.5, 4, 13),
(32, 92.5, 2, 13),
(33, 65.0, 2, 14),
(34, 65.0, 3, 14),
(35, 52.5, 2, 15),
(36, 42.5, 2, 15),
(37, 55.0, 4, 16),
(38, 70.0, 5, 16),
(39, 55.0, 5, 16),
(40, 97.5, 3, 17),
(41, 92.5, 4, 17),
(42, 45.0, 6, 18),
(43, 65.0, 4, 18),
(44, 55.0, 1, 18),
(45, 75.0, 6, 19),
(46, 85.0, 5, 19),
(47, 90.0, 4, 20),
(48, 85.0, 3, 20),
(49, 80.0, 4, 20),
(50, 50.0, 2, 21),
(51, 60.0, 1, 21),
(52, 45.0, 4, 21),
(53, 40.0, 4, 22),
(54, 50.0, 3, 22),
(55, 50.0, 4, 23),
(56, 55.0, 3, 24),
(57, 87.5, 3, 25),
(58, 67.5, 2, 25),
(59, 72.5, 1, 25),
(60, 55.0, 5, 26),
(61, 45.0, 4, 26),
(62, 45.0, 4, 26),
(63, 52.5, 3, 27),
(64, 65.0, 2, 28),
(65, 37.5, 1, 29),
(66, 57.5, 5, 29),
(67, 25.0, 4, 30);

INSERT INTO `sale` (`id`, `sale_date`, `status`, `total`, `fk_customer_id`, `discount`) VALUES
(1, "2010-10-02", "processing", 235, 1, 0),
(2, "2018-04-10", "processing", 645, 2, 0),
(3, "2013-01-03", "processing", 230, 3, 0),
(4, "2017-06-05", "processing", 215, 3, 0),
(5, "2010-07-25", "processing", 895, 3, 0),
(6, "2011-09-10", "processing", 385, 4, 0),
(7, "2014-04-29", "processing", 735, 4, 0),
(8, "2013-07-28", "processing", 575, 4, 0),
(9, "2015-08-22", "processing", 580, 4, 0),
(10, "2011-08-07", "processing", 335, 4, 0),
(11, "2019-01-09", "processing", 380, 5, 0),
(12, "2018-05-14", "processing", 550, 6, 0),
(13, "2015-03-04", "processing", 80, 6, 0),
(14, "2012-08-19", "processing", 825, 6, 0),
(15, "2012-02-29", "processing", 330, 6, 0),
(16, "2014-09-13", "processing", 615, 6, 0),
(17, "2018-07-22", "processing", 450, 7, 0),
(18, "2011-09-10", "processing", 495, 7, 0),
(19, "2018-05-14", "processing", 645, 7, 0),
(20, "2013-05-20", "processing", 745, 7, 0),
(21, "2012-10-26", "processing", 420, 7, 0),
(22, "2017-05-01", "processing", 685, 8, 0),
(23, "2014-12-25", "processing", 350, 8, 0),
(24, "2018-11-02", "processing", 340, 8, 0),
(25, "2013-11-08", "processing", 185, 8, 0),
(26, "2017-03-28", "processing", 645, 8, 0),
(27, "2016-07-31", "processing", 275, 9, 0),
(28, "2010-05-18", "processing", 235, 9, 0),
(29, "2010-10-02", "processing", 250, 9, 0),
(30, "2014-04-29", "processing", 580, 10, 0),
(31, "2015-06-15", "processing", 340, 10, 0),
(32, "2011-01-13", "processing", 670, 10, 0),
(33, "2014-06-02", "processing", 250, 10, 0),
(34, "2018-05-14", "processing", 585, 10, 0),
(35, "2013-04-16", "processing", 545, 11, 0),
(36, "2018-04-10", "processing", 85, 11, 0),
(37, "2017-01-18", "processing", 425, 11, 0),
(38, "2012-08-19", "processing", 215, 11, 0),
(39, "2011-01-13", "processing", 835, 12, 0),
(40, "2014-06-02", "processing", 685, 13, 0),
(41, "2010-10-02", "processing", 525, 14, 0),
(42, "2016-03-15", "processing", 525, 14, 0),
(43, "2013-11-08", "processing", 225, 14, 0),
(44, "2013-03-13", "processing", 140, 14, 0),
(45, "2012-06-11", "processing", 100, 14, 0),
(46, "2010-03-10", "processing", 215, 15, 0);

INSERT INTO `sale_line_item` (`id`, `quantity`, `sale_price`, `fk_item_id`, `fk_sale_id`) VALUES
(1, 3, 105, 4, 1),
(2, 2, 60, 10, 1),
(3, 3, 70, 26, 1),
(4, 3, 105, 5, 2),
(5, 1, 145, 17, 2),
(6, 2, 140, 20, 2),
(7, 2, 125, 25, 2),
(8, 1, 130, 19, 2),
(9, 3, 70, 23, 3),
(10, 1, 90, 18, 3),
(11, 3, 70, 24, 3),
(12, 2, 80, 22, 4),
(13, 2, 70, 26, 4),
(14, 2, 65, 29, 4),
(15, 2, 125, 25, 5),
(16, 1, 125, 25, 5),
(17, 1, 100, 28, 5),
(18, 3, 130, 19, 5),
(19, 2, 145, 17, 5),
(20, 1, 125, 25, 5),
(21, 3, 145, 13, 5),
(22, 1, 85, 8, 6),
(23, 3, 105, 5, 6),
(24, 1, 145, 13, 6),
(25, 1, 50, 30, 6),
(26, 3, 80, 6, 7),
(27, 1, 100, 28, 7),
(28, 2, 90, 16, 7),
(29, 2, 145, 13, 7),
(30, 1, 70, 21, 7),
(31, 3, 105, 5, 7),
(32, 2, 145, 13, 7),
(33, 3, 90, 16, 8),
(34, 1, 80, 22, 8),
(35, 1, 80, 22, 8),
(36, 1, 105, 4, 8),
(37, 3, 80, 6, 8),
(38, 2, 140, 1, 8),
(39, 2, 70, 24, 9),
(40, 1, 105, 7, 9),
(41, 3, 105, 7, 9),
(42, 1, 90, 16, 9),
(43, 3, 140, 20, 9),
(44, 2, 70, 24, 9),
(45, 2, 145, 13, 10),
(46, 2, 105, 7, 10),
(47, 1, 85, 15, 10),
(48, 2, 85, 15, 11),
(49, 3, 105, 5, 11),
(50, 1, 85, 15, 11),
(51, 1, 105, 7, 11),
(52, 2, 60, 10, 12),
(53, 3, 140, 1, 12),
(54, 2, 95, 12, 12),
(55, 2, 50, 30, 12),
(56, 2, 125, 25, 12),
(57, 1, 80, 22, 12),
(58, 3, 80, 6, 13),
(59, 3, 105, 4, 14),
(60, 1, 60, 11, 14),
(61, 3, 60, 11, 14),
(62, 1, 85, 15, 14),
(63, 1, 100, 28, 14),
(64, 3, 140, 20, 14),
(65, 2, 145, 17, 14),
(66, 2, 130, 19, 14),
(67, 3, 125, 25, 15),
(68, 2, 110, 14, 15),
(69, 1, 95, 12, 15),
(70, 2, 95, 12, 16),
(71, 1, 145, 13, 16),
(72, 1, 70, 23, 16),
(73, 1, 80, 22, 16),
(74, 3, 80, 6, 16),
(75, 3, 145, 13, 16),
(76, 1, 105, 7, 17),
(77, 2, 120, 2, 17),
(78, 3, 125, 25, 17),
(79, 3, 100, 28, 17),
(80, 3, 105, 5, 18),
(81, 3, 105, 5, 18),
(82, 2, 85, 15, 18),
(83, 2, 60, 11, 18),
(84, 2, 70, 23, 18),
(85, 3, 70, 21, 18),
(86, 2, 100, 28, 19),
(87, 2, 145, 13, 19),
(88, 2, 110, 14, 19),
(89, 2, 100, 28, 19),
(90, 1, 125, 25, 19),
(91, 2, 65, 29, 19),
(92, 2, 125, 9, 20),
(93, 3, 80, 6, 20),
(94, 3, 90, 18, 20),
(95, 1, 70, 26, 20),
(96, 2, 125, 25, 20),
(97, 1, 95, 12, 20),
(98, 2, 70, 26, 20),
(99, 1, 90, 18, 20),
(100, 2, 70, 26, 21),
(101, 2, 90, 16, 21),
(102, 2, 75, 27, 21),
(103, 1, 60, 10, 21),
(104, 1, 125, 9, 21),
(105, 3, 65, 3, 22),
(106, 1, 110, 14, 22),
(107, 3, 105, 7, 22),
(108, 1, 70, 23, 22),
(109, 2, 145, 13, 22),
(110, 2, 70, 21, 22),
(111, 3, 120, 2, 22),
(112, 3, 85, 15, 23),
(113, 1, 105, 7, 23),
(114, 3, 70, 23, 23),
(115, 1, 90, 16, 23),
(116, 3, 60, 11, 24),
(117, 1, 140, 1, 24),
(118, 2, 140, 20, 24),
(119, 1, 105, 5, 25),
(120, 3, 80, 22, 25),
(121, 3, 85, 8, 26),
(122, 3, 140, 1, 26),
(123, 3, 75, 27, 26),
(124, 3, 80, 6, 26),
(125, 3, 60, 10, 26),
(126, 2, 110, 14, 26),
(127, 1, 95, 12, 26),
(128, 3, 140, 20, 27),
(129, 3, 60, 11, 27),
(130, 1, 75, 27, 27),
(131, 2, 65, 29, 28),
(132, 2, 85, 15, 28),
(133, 1, 85, 8, 28),
(134, 3, 105, 4, 29),
(135, 2, 145, 13, 29),
(136, 1, 140, 20, 30),
(137, 1, 65, 29, 30),
(138, 2, 140, 20, 30),
(139, 2, 145, 17, 30),
(140, 1, 90, 18, 30),
(141, 3, 65, 3, 31),
(142, 1, 105, 4, 31),
(143, 1, 105, 4, 31),
(144, 3, 65, 3, 31),
(145, 2, 100, 28, 32),
(146, 1, 90, 18, 32),
(147, 3, 80, 6, 32),
(148, 3, 120, 2, 32),
(149, 3, 105, 4, 32),
(150, 3, 105, 4, 32),
(151, 2, 70, 24, 32),
(152, 1, 105, 5, 33),
(153, 2, 145, 13, 33),
(154, 3, 70, 21, 34),
(155, 1, 70, 21, 34),
(156, 1, 125, 25, 34),
(157, 1, 50, 30, 34),
(158, 3, 70, 21, 34),
(159, 3, 100, 28, 34),
(160, 2, 100, 28, 34),
(161, 3, 105, 7, 35),
(162, 3, 105, 5, 35),
(163, 3, 70, 23, 35),
(164, 3, 70, 26, 35),
(165, 1, 105, 5, 35),
(166, 3, 90, 16, 35),
(167, 2, 85, 8, 36),
(168, 1, 70, 21, 37),
(169, 2, 140, 20, 37),
(170, 3, 90, 16, 37),
(171, 2, 125, 9, 37),
(172, 2, 65, 29, 38),
(173, 1, 90, 18, 38),
(174, 2, 60, 10, 38),
(175, 1, 145, 17, 39),
(176, 3, 110, 14, 39),
(177, 1, 95, 12, 39),
(178, 2, 100, 28, 39),
(179, 1, 85, 15, 39),
(180, 1, 70, 26, 39),
(181, 2, 120, 2, 39),
(182, 1, 110, 14, 39),
(183, 1, 95, 12, 40),
(184, 3, 70, 26, 40),
(185, 1, 145, 13, 40),
(186, 2, 70, 21, 40),
(187, 2, 70, 26, 40),
(188, 1, 65, 3, 40),
(189, 1, 70, 23, 40),
(190, 3, 100, 28, 40),
(191, 3, 130, 19, 41),
(192, 2, 105, 7, 41),
(193, 1, 130, 19, 41),
(194, 3, 80, 6, 41),
(195, 1, 80, 6, 41),
(196, 1, 80, 22, 42),
(197, 1, 145, 17, 42),
(198, 2, 85, 8, 42),
(199, 1, 85, 15, 42),
(200, 2, 65, 3, 42),
(201, 1, 65, 29, 42),
(202, 3, 145, 17, 43),
(203, 1, 80, 6, 43),
(204, 3, 140, 1, 44),
(205, 3, 100, 28, 45),
(206, 2, 105, 7, 46),
(207, 2, 110, 14, 46);
INSERT INTO `person` (`id`, `email`, `name`, `password`, `phone`, `role`, `username`) VALUES (NULL, 'ifran@uow.edu', 'ifran ali', 'pp', '123', 'ADMIN', 'ifran');
INSERT INTO `person` (`id`, `email`, `name`, `password`, `phone`, `role`, `username`) VALUES (NULL, 'patterns@design.com', 'mark patterns', 'pp', '12341234', 'EMPLOYEE', 'markus');
update person p set p.role = 'CONTACT' where p.id in ( select c.id from contact_person c);
